userid,bookid,rank,username,levelname,recommand_count,level,user,isbn,book_id,user_id
374108652,1041377384,1,书友20211018120404153,学徒,500,1,qd374108652,qd1041377384,14423,389056
392309289,1041377384,2,玄穹上圣至明,无,0,0,qd392309289,qd1041377384,14423,1004597
321862485,1041377384,3,SMBW皮卡丘,无,0,0,qd321862485,qd1041377384,14423,1380959
444875300,1041377384,4,52HERTz,无,0,0,qd444875300,qd1041377384,14423,135369
355700391,1041377384,5,庐州昊,无,0,0,qd355700391,qd1041377384,14423,1505047
336302328,1041377384,6,玉书针,无,0,0,qd336302328,qd1041377384,14423,363674
340370636,1041377384,7,雄雄雄,无,0,0,qd340370636,qd1041377384,14423,304977
396940459,1041377384,8,书友20221015090910660,无,0,0,qd396940459,qd1041377384,14423,1197053
390096776,1041377384,9,书友20220718084951046,无,0,0,qd390096776,qd1041377384,14423,12610
340852591,1041377384,10,哦哦哦WRL,无,0,0,qd340852591,qd1041377384,14423,520248
338628270,1041377384,11,乾乾无咎,无,0,0,qd338628270,qd1041377384,14423,1375839
337488686,1041377384,12,douxuehang1,无,0,0,qd337488686,qd1041377384,14423,875568
328888104,1041377384,13,扶苏公子_,无,0,0,qd328888104,qd1041377384,14423,785649
321451840,1041377384,14,黑洞飓,无,0,0,qd321451840,qd1041377384,14423,1201009
318544262,1041377384,15,书友20180708222932773,无,0,0,qd318544262,qd1041377384,14423,1763068
314841595,1041377384,16,一叶孤舟kkk,无,0,0,qd314841595,qd1041377384,14423,130223
312600737,1041377384,17,书友20180112090014527,无,0,0,qd312600737,qd1041377384,14423,997360
311377415,1041377384,18,飘荡着风筝,无,0,0,qd311377415,qd1041377384,14423,470497
231093939,1041377384,19,诺合,无,0,0,qd231093939,qd1041377384,14423,197765
215237568,1041377384,20,bdhdjdksjx,无,0,0,qd215237568,qd1041377384,14423,610580
202448320,1041377384,21,sariel沙利叶,无,0,0,qd202448320,qd1041377384,14423,523562
153424703,1041377384,22,微尘的光芒,无,0,0,qd153424703,qd1041377384,14423,1088548
136947140,1041377384,23,西湖小邪,无,0,0,qd136947140,qd1041377384,14423,1220443
130563824,1041377384,24,boyvt,无,0,0,qd130563824,qd1041377384,14423,261498
104217773,1041377384,25,狮子喵66,无,0,0,qd104217773,qd1041377384,14423,1580230
449546318,1041377384,26,书友20240626180358780,无,0,0,qd449546318,qd1041377384,14423,362662
412025749,1041377384,27,生死间反复横跳,无,0,0,qd412025749,qd1041377384,14423,463725
409170818,1041377384,28,书友20230219164659388,无,0,0,qd409170818,qd1041377384,14423,1041257
392272650,1041377384,29,无敌小男孩咚,无,0,0,qd392272650,qd1041377384,14423,988517
370630452,1041377384,30,尘世神游,无,0,0,qd370630452,qd1041377384,14423,698477
355543413,1041377384,31,书友20201005195448660,无,0,0,qd355543413,qd1041377384,14423,1436379
345451266,1041377384,32,安阳夏夜,无,0,0,qd345451266,qd1041377384,14423,692629
335581960,1041377384,33,曼子文,无,0,0,qd335581960,qd1041377384,14423,18389
334850924,1041377384,34,黄克锋,无,0,0,qd334850924,qd1041377384,14423,1557240
331380301,1041377384,35,书友20190525001913719,无,0,0,qd331380301,qd1041377384,14423,14520
320190140,1041377384,36,金牛座圣斗士KM,无,0,0,qd320190140,qd1041377384,14423,650668
320077726,1041377384,37,似水H流年,无,0,0,qd320077726,qd1041377384,14423,603344
316655239,1041377384,38,神乐仙尊,无,0,0,qd316655239,qd1041377384,14423,935143
316100914,1041377384,39,楚留名,无,0,0,qd316100914,qd1041377384,14423,696910
316099943,1041377384,40,天香楼主,无,0,0,qd316099943,qd1041377384,14423,696454
315396864,1041377384,41,cj浪得虚名,无,0,0,qd315396864,qd1041377384,14423,392749
314510942,1041377384,42,永恒瞑夜,无,0,0,qd314510942,qd1041377384,14423,1840923
312794036,1041377384,43,只想看多点,无,0,0,qd312794036,qd1041377384,14423,1082365
310445896,1041377384,44,北极微笑,无,0,0,qd310445896,qd1041377384,14423,33646
302352578,1041377384,45,书友20170527183150365,无,0,0,qd302352578,qd1041377384,14423,176273
230464812,1041377384,46,还我的这里有妖气,无,0,0,qd230464812,qd1041377384,14423,1763511
229407055,1041377384,47,绅士般,无,0,0,qd229407055,qd1041377384,14423,1301493
227290647,1041377384,48,书友161224131808550,无,0,0,qd227290647,qd1041377384,14423,381410
226966199,1041377384,49,Jerry^o^,无,0,0,qd226966199,qd1041377384,14423,229326
223946985,1041377384,50,剑出惊鬼神,无,0,0,qd223946985,qd1041377384,14423,749894
221714981,1041377384,51,不好的就要说,无,0,0,qd221714981,qd1041377384,14423,1603734
218946293,1041377384,52,小室友,无,0,0,qd218946293,qd1041377384,14423,400831
214913938,1041377384,53,老书虫辉,无,0,0,qd214913938,qd1041377384,14423,472908
214592151,1041377384,54,赵毅j,无,0,0,qd214592151,qd1041377384,14423,328762
201549030,1041377384,55,木子楠木头,无,0,0,qd201549030,qd1041377384,14423,107515
200902327,1041377384,56,x912,无,0,0,qd200902327,qd1041377384,14423,1674235
197516131,1041377384,57,罪鑫,无,0,0,qd197516131,qd1041377384,14423,186882
160077620,1041377384,58,sulizhi_6011,无,0,0,qd160077620,qd1041377384,14423,334104
149130889,1041377384,59,丘生流火,无,0,0,qd149130889,qd1041377384,14423,1044483
123772878,1041377384,60,鲳鱼520,无,0,0,qd123772878,qd1041377384,14423,960180
355639411,1041441320,1,作者速速更新啊,无,0,0,qd355639411,qd1041441320,14424,1478777
320245233,1041441320,2,书友20180811165829332,无,0,0,qd320245233,qd1041441320,14424,674854
374880774,1041441320,3,白捌,无,0,0,qd374880774,qd1041441320,14424,723344
370781081,1041441320,4,书友20210803093055197,无,0,0,qd370781081,qd1041441320,14424,764978
350791385,1041441320,5,九幽魔君,无,0,0,qd350791385,qd1041441320,14424,1191804
331270082,1041441320,6,时光友人C,无,0,0,qd331270082,qd1041441320,14424,1832428
325130825,1041441320,7,人卍道卍佛卍魔卍妖卍巫,无,0,0,qd325130825,qd1041441320,14424,973758
318346938,1041441320,8,公子达达利亚的狗,无,0,0,qd318346938,qd1041441320,14424,1676052
231473956,1041441320,9,残垣断壁中的风景,无,0,0,qd231473956,qd1041441320,14424,376754
213735627,1041441320,10,书友151210123454384,无,0,0,qd213735627,qd1041441320,14424,1787085
210655927,1041441320,11,1络之秋,无,0,0,qd210655927,qd1041441320,14424,444092
169131662,1041441320,12,书友33021207821171,无,0,0,qd169131662,qd1041441320,14424,623404
407359231,1041441320,13,书友20230131102552155,无,0,0,qd407359231,qd1041441320,14424,247620
376298853,1041441320,14,书友20211207181926850,无,0,0,qd376298853,qd1041441320,14424,1341384
372523804,1041441320,15,巨鲸帮大道之子狗蛋天帝,无,0,0,qd372523804,qd1041441320,14424,1524773
363168057,1041441320,16,天际流云,无,0,0,qd363168057,qd1041441320,14424,1100528
357656863,1041441320,17,木木啊1,无,0,0,qd357656863,qd1041441320,14424,531877
346512192,1041441320,18,太极鲲鹏,无,0,0,qd346512192,qd1041441320,14424,1154084
344030280,1041441320,19,书友20200228131343249,无,0,0,qd344030280,qd1041441320,14424,48189
327777958,1041441320,20,书友20190202153341271,无,0,0,qd327777958,qd1041441320,14424,300379
200051824,1041441320,21,低调~炫耀,无,0,0,qd200051824,qd1041441320,14424,1303683
199735261,1041441320,22,暗黑锁链,无,0,0,qd199735261,qd1041441320,14424,1164543
14431285,1041441320,23,amd627551005,无,0,0,qd14431285,qd1041441320,14424,832776
122790720,1041441320,24,睡梦仙人,无,0,0,qd122790720,qd1041441320,14424,538278
414900290,1041441320,25,吴天水,无,0,0,qd414900290,qd1041441320,14424,1713635
394324262,1041441320,26,黑悠悠,无,0,0,qd394324262,qd1041441320,14424,29828
338188201,1041441320,27,归优白,无,0,0,qd338188201,qd1041441320,14424,1182790
431938812,1041395724,1,书友20231126215009887,无,0,0,qd431938812,qd1041395724,14511,1834918
409645613,1041432698,1,书友20230225170752905,无,0,0,qd409645613,qd1041432698,14513,1250312
382716591,1041432698,2,书友20220411213211857,无,0,0,qd382716591,qd1041432698,14513,486536
323193555,1041432698,3,书友20181014205823681,无,0,0,qd323193555,qd1041432698,14513,112115
309071171,1041432698,4,书友20171005200059628,无,0,0,qd309071171,qd1041432698,14513,1289072
441836695,1041432698,5,书友20240305215645458,无,0,0,qd441836695,qd1041432698,14513,655762
369637361,1041432698,6,书友20210714232941424,无,0,0,qd369637361,qd1041432698,14513,260622
311013223,1041432698,7,陆人8号,无,0,0,qd311013223,qd1041432698,14513,306239
217719293,1041432698,8,DJ破饿,无,0,0,qd217719293,qd1041432698,14513,1692796
209599972,1041432698,9,D1d,无,0,0,qd209599972,qd1041432698,14513,1815273
162316305,1041098814,1,落日诗人,学徒,500,1,qd162316305,qd1041098814,14516,1309531
373690882,1041098814,2,刘备刘皇叔,无,0,0,qd373690882,qd1041098814,14516,193365
223238418,1041098814,3,书友160925094517998,无,0,0,qd223238418,qd1041098814,14516,443893
211248996,1041098814,4,春季高考大结局,无,0,0,qd211248996,qd1041098814,14516,699431
4156025,1041098814,5,德古拉。2世,无,0,0,qd4156025,qd1041098814,14516,1851787
343423664,1041098814,6,Husileng,无,0,0,qd343423664,qd1041098814,14516,1636043
334760484,1041098814,7,艾兰奥拉夫航,无,0,0,qd334760484,qd1041098814,14516,1518524
310987384,1041098814,8,繁星似海999,无,0,0,qd310987384,qd1041098814,14516,294084
228944487,1041098814,9,诗人的野猫,无,0,0,qd228944487,qd1041098814,14516,1097939
216693706,1037763733,1,青鲤鱼,无,0,0,qd216693706,qd1037763733,14519,1244299
371982303,1041442375,1,书友20210825150132176,无,0,0,qd371982303,qd1041442375,14520,1287578
301884193,1041429805,1,书友20170518000408141,无,0,0,qd301884193,qd1041429805,14539,1819924
443374439,1041429805,2,书友20240402114541788,无,0,0,qd443374439,qd1041429805,14539,1326749
409752750,1041429805,3,布衣羊,无,0,0,qd409752750,qd1041429805,14539,1297406
395284247,1041429805,4,书友20220925132655621,无,0,0,qd395284247,qd1041429805,14539,479735
307420809,1041429805,5,书友20170824044304202,无,0,0,qd307420809,qd1041429805,14539,572936
210458304,1041429805,6,ruan静,无,0,0,qd210458304,qd1041429805,14539,356825
6839408,1041429805,7,天风下,无,0,0,qd6839408,qd1041429805,14539,1183321
442451660,1041429805,8,书友20240316234421169,无,0,0,qd442451660,qd1041429805,14539,920975
354362873,1041429805,9,书友20200904211229539,无,0,0,qd354362873,qd1041429805,14539,917295
302769782,1041429805,10,书友20170604231714964,无,0,0,qd302769782,qd1041429805,14539,373646
300378422,1041429805,11,书友20170411205836722,无,0,0,qd300378422,qd1041429805,14539,1155670
216138286,1041429805,12,李长生iiilll,无,0,0,qd216138286,qd1041429805,14539,1000099
206557,1041429805,13,xiaoyue4893,无,0,0,qd206557,qd1041429805,14539,99918
177274644,1041429805,14,萬事如意1,无,0,0,qd177274644,qd1041429805,14539,520213
168941926,1041429805,15,白溪此木,无,0,0,qd168941926,qd1041429805,14539,544458
157896357,1041429805,16,书友130223055232362,无,0,0,qd157896357,qd1041429805,14539,1210659
114522633,1041416683,1,石破天7,无,0,0,qd114522633,qd1041416683,14558,589514
428643789,1041442101,1,青城sr,无,0,0,qd428643789,qd1041442101,14567,393060
349765486,1041442101,2,书友20200608144801075,无,0,0,qd349765486,qd1041442101,14567,745229
342427068,1040004667,1,雲霞雾霾,无,0,0,qd342427068,qd1040004667,14595,1202637
229905953,1040004667,2,天地之间天道,无,0,0,qd229905953,qd1040004667,14595,1519832
432785332,1040004667,3,书友20231210120526988,无,0,0,qd432785332,qd1040004667,14595,370153
434241755,1041395452,1,书友20231229074515576,无,0,0,qd434241755,qd1041395452,14622,999952
135257672,1041395452,2,书友120112075051000,无,0,0,qd135257672,qd1041395452,14622,488694
121433058,1041395452,3,脚踏青云路,无,0,0,qd121433058,qd1041395452,14622,1772747
339855154,1041395452,4,战刀苗,无,0,0,qd339855154,qd1041395452,14622,57492
199626955,1041395452,5,在度回归,无,0,0,qd199626955,qd1041395452,14622,1116544
1123865,1041395452,6,累累的果实,无,0,0,qd1123865,qd1041395452,14622,524493
325211174,1041395452,7,书友20181201153901000,无,0,0,qd325211174,qd1041395452,14622,1009072
373306463,1041395452,8,人在书中游,无,0,0,qd373306463,qd1041395452,14622,6266
82459,1041395452,9,缘君,无,0,0,qd82459,qd1041395452,14622,40938
453914512,1041395452,10,书友20240824200455904,无,0,0,qd453914512,qd1041395452,14622,439087
449072110,1041395452,11,书友已注销,无,0,0,qd449072110,qd1041395452,14622,136557
439545695,1041395452,12,人生里孤军奋战,无,0,0,qd439545695,qd1041395452,14622,1487573
409899715,1041395452,13,昨夜上皇新授箓,无,0,0,qd409899715,qd1041395452,14622,1361949
337910542,1041395452,14,z770,无,0,0,qd337910542,qd1041395452,14622,1060463
325051249,1041395452,15,书荒之下,无,0,0,qd325051249,qd1041395452,14622,938242
324889223,1041395452,16,可闻可见大师,无,0,0,qd324889223,qd1041395452,14622,868416
172524841,1041395452,17,迷糊懒洋洋,无,0,0,qd172524841,qd1041395452,14622,269991
106648014,1041395452,18,四川胖哥,无,0,0,qd106648014,qd1041395452,14622,808959
360572587,1041442111,1,0逝去的曾经0,无,0,0,qd360572587,qd1041442111,14632,1804538
330760238,1041431512,1,乄丶逊,学徒,500,1,qd330760238,qd1041431512,14633,1601213
382777086,1041431512,2,书友20220413150846729,无,0,0,qd382777086,qd1041431512,14633,512626
176109611,1041431512,3,我的心灵宝库,无,0,0,qd176109611,qd1041431512,14633,1846002
364586920,1041431512,4,记住你个大头鬼,无,0,0,qd364586920,qd1041431512,14633,1722062
351257155,1041431512,5,老男人KWT,无,0,0,qd351257155,qd1041431512,14633,1396413
341963124,1041431512,6,完颜扎西,无,0,0,qd341963124,qd1041431512,14633,998321
315287719,1041431512,7,书友20180402094916465,无,0,0,qd315287719,qd1041431512,14633,343849
219075103,1041431512,8,都是妖怪sk,无,0,0,qd219075103,qd1041431512,14633,457897
200213218,1041404943,1,在云野追逐,无,0,0,qd200213218,qd1041404943,14635,1374457
439948830,1041404943,2,孤灯残月下章台,无,0,0,qd439948830,qd1041404943,14635,1661074
454276444,1041404943,3,月光下的救赎,无,0,0,qd454276444,qd1041404943,14635,595727
453641328,1041404943,4,书友20240820163653959,无,0,0,qd453641328,qd1041404943,14635,316473
452752378,1041404943,5,书友20240808124929031,无,0,0,qd452752378,qd1041404943,14635,1759131
384896498,1041404943,6,书友20220512065625717,无,0,0,qd384896498,qd1041404943,14635,1433185
335500740,1041404943,7,书友20190713094403461,无,0,0,qd335500740,qd1041404943,14635,1849393
338973808,1041404943,8,作者白头神探,无,0,0,qd338973808,qd1041404943,14635,1526723
403596193,1041404943,9,书友20221229205335684,无,0,0,qd403596193,qd1041404943,14635,445150
372288023,1041404943,10,肉肉rdj,无,0,0,qd372288023,qd1041404943,14635,1422016
340701009,1041404943,11,凤舞九天聪,无,0,0,qd340701009,qd1041404943,14635,453848
325453945,1041404943,12,书友20181207115925777,无,0,0,qd325453945,qd1041404943,14635,1115563
105203773,1038611044,1,悼武华夏,学徒,500,1,qd105203773,qd1038611044,14644,168191
123524972,1038611044,2,陈明弓,学徒,500,1,qd123524972,qd1038611044,14644,850925
314735724,1038611044,3,呈贡学士,无,0,0,qd314735724,qd1038611044,14644,79300
331290778,1038611044,4,李扁佗,无,0,0,qd331290778,qd1038611044,14644,1842191
230738517,1038611044,5,最是无心,无,0,0,qd230738517,qd1038611044,14644,25732
323992073,1041391830,1,书友20181107124212127,学徒,500,1,qd323992073,qd1041391830,14655,484680
334812895,1041391830,2,大慈大悲肖某在,学徒,500,1,qd334812895,qd1041391830,14655,1541179
310650802,1041391830,3,书友20171115152115622,无,0,0,qd310650802,qd1041391830,14655,132038
442940135,1041391830,4,书友20240325192420850,无,0,0,qd442940135,qd1041391830,14655,1135767
4417985,1041391830,5,宝贝抱抱我,无,0,0,qd4417985,qd1041391830,14655,108138
407474145,1041391830,6,书友20230201113137434,无,0,0,qd407474145,qd1041391830,14655,302450
379946122,1041391830,7,剑之神剑梁月,无,0,0,qd379946122,qd1041391830,14655,1100878
355435173,1041391830,8,书友20201003213825966,无,0,0,qd355435173,qd1041391830,14655,1389039
353354981,1041391830,9,阳光明媚呀,无,0,0,qd353354981,qd1041391830,14655,485890
336674630,1041391830,10,从天上飘过的羊驼,无,0,0,qd336674630,qd1041391830,14655,527307
331276240,1041391830,11,风亦成沙,无,0,0,qd331276240,qd1041391830,14655,1835276
331043490,1041391830,12,灬皮一下,无,0,0,qd331043490,qd1041391830,14655,1726990
314767925,1041391830,13,透视派掌门人他二叔,无,0,0,qd314767925,qd1041391830,14655,94597
314278035,1041391830,14,书友20180301235241655,无,0,0,qd314278035,qd1041391830,14655,1732377
305880723,1041391830,15,败犬的悲鸣,无,0,0,qd305880723,qd1041391830,14655,1728389
219008100,1041391830,16,书山如山,无,0,0,qd219008100,qd1041391830,14655,427661
214945083,1041391830,17,A摸红你的脸,无,0,0,qd214945083,qd1041391830,14655,486854
19356699,1041391830,18,旋风蓝影,无,0,0,qd19356699,qd1041391830,14655,1154184
187695002,1041391830,19,K2金属漆,无,0,0,qd187695002,qd1041391830,14655,1403082
431639738,1041391830,20,单身的道长,无,0,0,qd431639738,qd1041391830,14655,1697517
397218685,1041391830,21,书友20221018142714772,无,0,0,qd397218685,qd1041391830,14655,1318764
370522115,1041391830,22,书友20210729140754309,无,0,0,qd370522115,qd1041391830,14655,650800
360651339,1041391830,23,书友20210110212454325,无,0,0,qd360651339,qd1041391830,14655,1842380
351709691,1041391830,24,Teufel,无,0,0,qd351709691,qd1041391830,14655,1592113
346060952,1041391830,25,书友20200331152204039,无,0,0,qd346060952,qd1041391830,14655,955782
341598959,1041391830,26,君子恒毅,无,0,0,qd341598959,qd1041391830,14655,837924
335466601,1041391830,27,书友20190712152222170,无,0,0,qd335466601,qd1041391830,14655,1833412
328080006,1041391830,28,书友20190211160025855,无,0,0,qd328080006,qd1041391830,14655,436703
310358533,1041391830,29,书友20171105232955888,无,0,0,qd310358533,qd1041391830,14655,1860192
227857431,1041391830,30,朴实小拓,无,0,0,qd227857431,qd1041391830,14655,625722
227159145,1041391830,31,无趣为有趣,无,0,0,qd227159145,qd1041391830,14655,321290
223971361,1041391830,32,Jackykong,无,0,0,qd223971361,qd1041391830,14655,760779
219209963,1041391830,33,月寒光冷,无,0,0,qd219209963,qd1041391830,14655,517125
201045610,1041391830,34,最间,无,0,0,qd201045610,qd1041391830,14655,1738720
200831448,1041391830,35,此用户未响应,无,0,0,qd200831448,qd1041391830,14655,1642558
197636895,1041391830,36,观书不语是25,无,0,0,qd197636895,qd1041391830,14655,244177
186048640,1041391830,37,何老哥,无,0,0,qd186048640,qd1041391830,14655,684118
177578563,1041391830,38,迷惘之余,无,0,0,qd177578563,qd1041391830,14655,648481
134896453,1041391830,39,冥域飞羽,无,0,0,qd134896453,qd1041391830,14655,326901
350244995,1041385797,1,北楼北楼,学徒,500,1,qd350244995,qd1041385797,14710,951050
226139475,1041385797,2,麦子QAQ,无,0,0,qd226139475,qd1041385797,14710,1706463
219052966,1041385797,3,孤村夜雨oo零,无,0,0,qd219052966,qd1041385797,14710,447893
164693581,1041385797,4,妖怪的理想,无,0,0,qd164693581,qd1041385797,14710,520961
231123292,1041385797,5,大汉仲父,无,0,0,qd231123292,qd1041385797,14710,211488
427428155,1041385797,6,虚土墓土,无,0,0,qd427428155,qd1041385797,14710,1689906
405383932,1041385797,7,安屿森年,无,0,0,qd405383932,qd1041385797,14710,1221001
402786325,1041385797,8,书友20221220190601392,无,0,0,qd402786325,qd1041385797,14710,65608
368471809,1041385797,9,书友20210626172643026,无,0,0,qd368471809,qd1041385797,14710,1585823
347585403,1041385797,10,爱因斯坦的独立团,无,0,0,qd347585403,qd1041385797,14710,1621492
343826675,1041385797,11,王_命运,无,0,0,qd343826675,qd1041385797,14710,1819665
342442430,1041385797,12,书友20200131140730156,无,0,0,qd342442430,qd1041385797,14710,1209252
318260957,1041385797,13,执笔染墨颜,无,0,0,qd318260957,qd1041385797,14710,1637507
312531309,1041385797,14,时间伴随落寞,无,0,0,qd312531309,qd1041385797,14710,966718
231661227,1041385797,15,meigui,无,0,0,qd231661227,qd1041385797,14710,459414
221209625,1041385797,16,祸国丨殃民,无,0,0,qd221209625,qd1041385797,14710,1385584
211613990,1041385797,17,小c族,无,0,0,qd211613990,qd1041385797,14710,855024
210525452,1041385797,18,津都原大学毕业生,无,0,0,qd210525452,qd1041385797,14710,386667
193036834,1041385797,19,孤＠狼,无,0,0,qd193036834,qd1041385797,14710,48997
180394218,1041385797,20,涂山释魂,无,0,0,qd180394218,qd1041385797,14710,19149
442540118,1041385797,21,书友20240318145649974,无,0,0,qd442540118,qd1041385797,14710,960248
394071830,1041385797,22,书友20220910093859845,无,0,0,qd394071830,qd1041385797,14710,1777424
382741369,1041385797,23,新书区的十八岁老书虫,无,0,0,qd382741369,qd1041385797,14710,497219
373369670,1041385797,24,戏歌凉晨,无,0,0,qd373369670,qd1041385797,14710,38113
370322618,1041385797,25,骆骆骆骆骆骆,无,0,0,qd370322618,qd1041385797,14710,567712
362288652,1041385797,26,读者1362259309429633024,无,0,0,qd362288652,qd1041385797,14710,719250
355766444,1041385797,27,风止于心安,无,0,0,qd355766444,qd1041385797,14710,1533425
354070494,1041385797,28,书友20200829082259049,无,0,0,qd354070494,qd1041385797,14710,792419
343745601,1041385797,29,云然菌,无,0,0,qd343745601,qd1041385797,14710,1780046
343386108,1041385797,30,安好啊,无,0,0,qd343386108,qd1041385797,14710,1619384
340341613,1041385797,31,读者1305840319151742976,无,0,0,qd340341613,qd1041385797,14710,291180
338409733,1041385797,32,书友20190930180831298,无,0,0,qd338409733,qd1041385797,14710,1279778
336378734,1041385797,33,你不礼貌p,无,0,0,qd336378734,qd1041385797,14710,397379
336340600,1041385797,34,楠木叶,无,0,0,qd336340600,qd1041385797,14710,380635
336118473,1041385797,35,书友20190726082850605,无,0,0,qd336118473,qd1041385797,14710,277658
335323833,1041385797,36,书友20190709195941390,无,0,0,qd335323833,qd1041385797,14710,1764101
334458942,1041385797,37,雍狸,无,0,0,qd334458942,qd1041385797,14710,1386964
329689885,1041385797,38,Am_叶子,无,0,0,qd329689885,qd1041385797,14710,1133972
325603738,1041385797,39,losd2233,无,0,0,qd325603738,qd1041385797,14710,1182103
322523462,1041385797,40,出面不打码,无,0,0,qd322523462,qd1041385797,14710,1667923
322416272,1041385797,41,书友20180921090515669,无,0,0,qd322416272,qd1041385797,14710,1620083
318639795,1041385797,42,孤竹君浮棺,无,0,0,qd318639795,qd1041385797,14710,1809559
304306378,1041385797,43,啊吧啊吧哦,无,0,0,qd304306378,qd1041385797,14710,1038103
302084520,1041385797,44,烟雨行计,无,0,0,qd302084520,qd1041385797,14710,46798
300808930,1041385797,45,南下的风,无,0,0,qd300808930,qd1041385797,14710,1344676
300217239,1041385797,46,书友20170408135408114,无,0,0,qd300217239,qd1041385797,14710,1085060
227913315,1041385797,47,深海瀟章鱼,无,0,0,qd227913315,qd1041385797,14710,649768
226378621,1041385797,48,喆OvO,无,0,0,qd226378621,qd1041385797,14710,1815936
214336965,1041385797,49,护士的小黄瓜,无,0,0,qd214336965,qd1041385797,14710,207192
210216532,1041385797,50,思无邪丶醉美,无,0,0,qd210216532,qd1041385797,14710,242575
202382352,1041385797,51,寂寞的诺言,无,0,0,qd202382352,qd1041385797,14710,495571
165660542,1041385797,52,黑夜杀猪,无,0,0,qd165660542,qd1041385797,14710,935247
112888200,1041385797,53,鹿蜀,无,0,0,qd112888200,qd1041385797,14710,1704308
432144178,1041133962,1,炎龙侠0,学徒,500,1,qd432144178,qd1041133962,14711,64513
302085564,1041425363,1,tabet,无,0,0,qd302085564,qd1041425363,14742,47317
422457193,1041265739,1,追电之风,无,0,0,qd422457193,qd1041265739,14777,1350501
354856982,1041265739,2,核平主以,无,0,0,qd354856982,qd1041265739,14777,1134577
350347611,1041265739,3,书友20200626144359865,无,0,0,qd350347611,qd1041265739,14777,996482
334341706,1041445880,1,书友20190617133009047,学徒,500,1,qd334341706,qd1041445880,14870,1335116
225188293,1041445880,2,书友161104202159333,无,0,0,qd225188293,qd1041445880,14870,1290436
381227994,1041445880,3,敲髓扶贫目小温,无,0,0,qd381227994,qd1041445880,14870,1660845
375176461,1041445880,4,书友20211112233747070,无,0,0,qd375176461,qd1041445880,14870,847764
304573244,1041445880,5,书友20170703104719836,无,0,0,qd304573244,qd1041445880,14870,1155895
301492483,1041445880,6,书友20170509133628812,无,0,0,qd301492483,qd1041445880,14870,1641495
339201978,1041124282,1,早上升旗,无,0,0,qd339201978,qd1041124282,14873,1623771
358032402,1041124282,2,聂园聂员聂缘聂圆孽缘聂元,无,0,0,qd358032402,qd1041124282,14873,691784
348075350,1041124282,3,这假的吧,无,0,0,qd348075350,qd1041124282,14873,1845678
331013193,1041124282,4,书友20190518124121240,无,0,0,qd331013193,qd1041124282,14873,1713177
224218032,1041124282,5,书友161012063456293,无,0,0,qd224218032,qd1041124282,14873,864687
400206566,1041124282,6,张三在此呀,无,0,0,qd400206566,qd1041124282,14873,791881
409925939,1041124282,7,书友20230228203109268,无,0,0,qd409925939,qd1041124282,14873,1373325
156011827,1041444873,1,LXの混沌,无,0,0,qd156011827,qd1041444873,14892,392091
375145476,1041444873,2,书友20211112100242119,无,0,0,qd375145476,qd1041444873,14892,834459
369398575,1041444873,3,书友20210710175303771,无,0,0,qd369398575,qd1041444873,14892,145262
351967694,1041444873,4,流光岁月镇魂曲,无,0,0,qd351967694,qd1041444873,14892,1706045
301834207,1041444873,5,肥龙大虾米,无,0,0,qd301834207,qd1041444873,14892,1795889
230071816,1041444873,6,书友20170225174801327,无,0,0,qd230071816,qd1041444873,14892,1590817
228569909,1041444873,7,水之大帝and巫妖王,无,0,0,qd228569909,qd1041444873,14892,933049
216643825,1041444873,8,书友160430233658203,无,0,0,qd216643825,qd1041444873,14892,1222545
186076822,1041444873,9,没有你想的那么好,无,0,0,qd186076822,qd1041444873,14892,696579
230032007,1041369651,1,一世扑朔迷离,无,0,0,qd230032007,qd1041369651,15036,1573660
129145938,1041447600,1,葉猫儿,学徒,500,1,qd129145938,qd1041447600,15040,1478279
318357139,1041447600,2,酱子豆,学徒,500,1,qd318357139,qd1041447600,15040,1680967
408011352,1040780658,1,书友20230206001009402,无,0,0,qd408011352,qd1040780658,15041,541883
396940459,1040780658,2,书友20221015090910660,无,0,0,qd396940459,qd1040780658,15041,1197053
358508802,1040780658,3,世世情緣,无,0,0,qd358508802,qd1040780658,15041,896050
439115414,1040780658,4,书友20240201183008838,无,0,0,qd439115414,qd1040780658,15041,1298595
407467945,1040780658,5,书友20230201102904862,无,0,0,qd407467945,qd1040780658,15041,299474
383197424,1040780658,6,累了tired,无,0,0,qd383197424,qd1040780658,15041,691438
379455690,1040780658,7,书友20220212164322160,无,0,0,qd379455690,qd1040780658,15041,885569
352546061,1040780658,8,爱读书的小村民,无,0,0,qd352546061,qd1040780658,15041,108534
351522810,1040780658,9,书友20200718193527685,无,0,0,qd351522810,qd1040780658,15041,1512282
336280595,1040780658,10,星之月迹,无,0,0,qd336280595,qd1040780658,15041,353702
314510942,1040780658,11,永恒瞑夜,无,0,0,qd314510942,qd1040780658,15041,1840923
222745816,1040780658,12,蜗居123578,无,0,0,qd222745816,qd1040780658,15041,216711
215415921,1041426967,1,九命的鬼,学徒,500,1,qd215415921,qd1041426967,15044,687279
389626559,1041426967,2,书友20220712014324516,无,0,0,qd389626559,qd1041426967,15044,1665203
211978900,1041340629,1,轨之残翼,无,0,0,qd211978900,qd1041340629,15045,1014903
327629527,1041340629,2,书友20190129114948347,无,0,0,qd327629527,qd1041340629,15045,229339
396230944,1041395246,1,是孤独酱,无,0,0,qd396230944,qd1041395246,15063,884768
423991914,1041395246,2,屋中宅者,无,0,0,qd423991914,qd1041395246,15063,178457
401575276,1041395246,3,书友20221205000334509,无,0,0,qd401575276,qd1041395246,15063,1390259
364011266,1041395246,4,诡叶,无,0,0,qd364011266,qd1041395246,15063,1471219
339190922,1041395246,5,书友20191030172752934,无,0,0,qd339190922,qd1041395246,15063,1619007
306007042,1041395246,6,幻之初,无,0,0,qd306007042,qd1041395246,15063,1785424
418942279,1041293159,1,书友20230613103521742,无,0,0,qd418942279,qd1041293159,15069,1645734
338188201,1041293159,2,归优白,无,0,0,qd338188201,qd1041293159,15069,1182790
426347330,1041293159,3,书友20230827222645244,无,0,0,qd426347330,qd1041293159,15069,1217452
334257707,1041293159,4,书友20190615220541122,无,0,0,qd334257707,qd1041293159,15069,1298541
332803657,1041293159,5,书友20190609131745197,无,0,0,qd332803657,qd1041293159,15069,663920
318310717,1041293159,6,书友20180703134416015,无,0,0,qd318310717,qd1041293159,15069,1659643
303864956,1041293159,7,书友20170620153409359,无,0,0,qd303864956,qd1041293159,15069,844041
436985332,1041293159,8,书友20240115103328462,无,0,0,qd436985332,qd1041293159,15069,372697
394324262,1041293159,9,黑悠悠,无,0,0,qd394324262,qd1041293159,15069,29828
312040036,1041384931,1,书友20171224205647390,无,0,0,qd312040036,qd1041384931,15088,755555
307420421,1041384931,2,书友20170824040402223,无,0,0,qd307420421,qd1041384931,15088,572801
364803705,1041384931,3,晓风丶残月,无,0,0,qd364803705,qd1041384931,15088,1822314
